<?xml version="1.0" standalone="yes" ?>
<VIDEOCAP>
    <VIDEOCAP>
        <COMMENTS></COMMENTS>
        <VIDEO_CAPTURE_FILE></VIDEO_CAPTURE_FILE>
        <VIDEO_CAPTURE_NUM_DRIVER>0</VIDEO_CAPTURE_NUM_DRIVER>
        <VIDEO_CAPTURE_PIXEL_FORMAT>NV12</VIDEO_CAPTURE_PIXEL_FORMAT>
        <VIDEO_CAPTURE_WIDTH>1280</VIDEO_CAPTURE_WIDTH>
        <VIDEO_CAPTURE_HEIGHT>800</VIDEO_CAPTURE_HEIGHT>
        <VIDEO_CAPTURE_DELAY>0</VIDEO_CAPTURE_DELAY>
        <VIDEO_CAPTURE_RATE>30.000000</VIDEO_CAPTURE_RATE>
        <VIDEO_CAPTURE_NB_FRAME_BUFFERS>6</VIDEO_CAPTURE_NB_FRAME_BUFFERS>
        <VIDEO_CAPTURE_INTERLACED>0</VIDEO_CAPTURE_INTERLACED>
        <VIDEO_CAPTURE_INVERTED>1</VIDEO_CAPTURE_INVERTED>
        <VIDEO_CAPTURE_PRIORITY>3</VIDEO_CAPTURE_PRIORITY>
        <VIDEO_CAPTURE_TYPE>0</VIDEO_CAPTURE_TYPE>
        <VIDEO_CAPTURE_NAME></VIDEO_CAPTURE_NAME>
        <VIDEO_CAPTURE_CPU>0</VIDEO_CAPTURE_CPU>
        <VIDEO_CAPTURE_PAUSE>1</VIDEO_CAPTURE_PAUSE>
        <VIDEO_CAPTURE_DEINTERLACE>1</VIDEO_CAPTURE_DEINTERLACE>
        <VIDEO_CAPTURE_SHADER>0</VIDEO_CAPTURE_SHADER>
        <VIDEO_CAPTURE_FRIENDLY_NAME>back</VIDEO_CAPTURE_FRIENDLY_NAME>
        <VIDEO_CAPTURE_DEBUG>0</VIDEO_CAPTURE_DEBUG>
        <VIDEO_CAPTURE_RATE_IS_DYNAMIC>true</VIDEO_CAPTURE_RATE_IS_DYNAMIC>
        <VIDEO_CAPTURE_RESYNCHRO_PERIOD>0.000000</VIDEO_CAPTURE_RESYNCHRO_PERIOD>
        <VIDEO_CAPTURE_STEADY_STATE_MARGIN>0.330000</VIDEO_CAPTURE_STEADY_STATE_MARGIN>
        <VIDEO_CAPTURE_TIMECODE_REINIT_PERIOD>0.500000</VIDEO_CAPTURE_TIMECODE_REINIT_PERIOD>
    </VIDEOCAP>
</VIDEOCAP>
