<?xml version="1.0" standalone="yes" ?>
<CAMERABASE>
    <CAMERABASE>
        <COMMENTS></COMMENTS>
        <MODELE>OPENCV_0</MODELE>
        <MAXX>320</MAXX>
        <MAXY>240</MAXY>
        <PX>160.00000000</PX>
        <PY>120.00000000</PY>
        <FX>330.00000000</FX>
        <FY>330.00000000</FY>
        <A1>0.00000000</A1>
        <A2>0.00000000</A2>
        <P1>0.00000000</P1>
        <P2>0.00000000</P2>
        <DEDISTORTION>false</DEDISTORTION>
    </CAMERABASE>
</CAMERABASE>
