<?xml version="1.0" standalone="yes" ?>
<TI>
    <DFusionMLT>
        <FILE_INFO>
            <COMMENTS></COMMENTS>
            <TYPE>DFUSIONMLT_CONF</TYPE>
            <VERSION>3.20.20164</VERSION>
        </FILE_INFO>
        <PROCESS>
            <COMMENTS></COMMENTS>
            <PRIORITY_CLASS>0</PRIORITY_CLASS>
            <PRIORITY>0</PRIORITY>
            <CPU>-1</CPU>
        </PROCESS>
        <PATH>
            <ARCONF_PATH>./</ARCONF_PATH>
            <AUTOINIT_PATH>./</AUTOINIT_PATH>
            <CALIB_PATH>./</CALIB_PATH>
            <FACETRACKING_PATH>./</FACETRACKING_PATH>
            <KEYFRAME_PATH>./</KEYFRAME_PATH>
            <MODEL_PATH>./</MODEL_PATH>
            <MULTITARGET_PATH>./</MULTITARGET_PATH>
            <POINTINGDETECTION_PATH>./</POINTINGDETECTION_PATH>
            <VIDEO_PATH>./</VIDEO_PATH>
            <BASE_PATH>./</BASE_PATH>
        </PATH>
        <SUBIMAGE>
            <COMMENTS></COMMENTS>
            <USESUBIMAGEMODE>false</USESUBIMAGEMODE>
            <SUBIMAGESCANNINGMODE>FULL_SCAN</SUBIMAGESCANNINGMODE>
            <MAXCONVERGENCEITER>3</MAXCONVERGENCEITER>
            <UPPERLEFTCORNERU>0</UPPERLEFTCORNERU>
            <UPPERLEFTCORNERV>0</UPPERLEFTCORNERV>
            <SCANCENTER>true</SCANCENTER>
            <SCANCOLUMNRANGE>-1.000000 -1.000000</SCANCOLUMNRANGE>
            <SCANLINERANGE>-1.000000 -1.000000</SCANLINERANGE>
            <SUBCELLSCANAVAILABLE>true</SUBCELLSCANAVAILABLE>
        </SUBIMAGE>
        <PREPROCESSING>
            <COMMENTS></COMMENTS>
            <CLOCKACCURACY>0.00000100</CLOCKACCURACY>
            <VIDEOCAPFILE>.\videoConfig.xml</VIDEOCAPFILE>
            <VIDEOLOOP>true</VIDEOLOOP>
            <FRAMESKIP>0</FRAMESKIP>
            <PROCESSINGWIDTH>320</PROCESSINGWIDTH>
            <PROCESSINGHEIGHT>240</PROCESSINGHEIGHT>
            <SUBSAMPLINGMODE>STANDARD</SUBSAMPLINGMODE>
            <UNDISTORT>false</UNDISTORT>
        </PREPROCESSING>
        <RENDERING>
            <COMMENTS></COMMENTS>
            <SHOWWIREFRAMEONINIT>false</SHOWWIREFRAMEONINIT>
            <WIREFRAMELINEWIDTH>1.50000000</WIREFRAMELINEWIDTH>
            <HIGHQUALITY>false</HIGHQUALITY>
            <FRONTCLIPPINGPLANE>0.10000000</FRONTCLIPPINGPLANE>
            <BACKCLIPPINGPLANE>800.00000000</BACKCLIPPINGPLANE>
        </RENDERING>
        <GLOBAL>
            <COMMENTS></COMMENTS>
            <DOTRACKINGINIT>true</DOTRACKINGINIT>
            <STEPBYSTEP>false</STEPBYSTEP>
            <CALIBRATIONFILE>.\cameraCalib.xml</CALIBRATIONFILE>
            <GLOBALPERFORMANCES>false</GLOBALPERFORMANCES>
            <GLOBALSTATISTICS>false</GLOBALSTATISTICS>
            <ADVANCEDSTATISTICS>false</ADVANCEDSTATISTICS>
            <USEFOLLOWINGRANDOMSEED>0</USEFOLLOWINGRANDOMSEED>
            <LOGWINDOW>false</LOGWINDOW>
            <USETISOLVER>true</USETISOLVER>
        </GLOBAL>
        <AUTO_CALIBRATION>
            <COMMENTS></COMMENTS>
            <USEAUTOCALIBRATION>false</USEAUTOCALIBRATION>
            <MODE>STANDARD</MODE>
            <NUMBEROFCORRELATIONS>42</NUMBEROFCORRELATIONS>
            <NUMBEROFSAMPLES>10</NUMBEROFSAMPLES>
            <STEPTOADJUSTFOCAL>5</STEPTOADJUSTFOCAL>
            <NUMBEROFESTIMATIONS>3</NUMBEROFESTIMATIONS>
            <TIMEBETWEENTWOESTIMATIONS>20</TIMEBETWEENTWOESTIMATIONS>
            <CPU>-1</CPU>
            <PRIORITY>-3</PRIORITY>
        </AUTO_CALIBRATION>
        <MULTI_TARGET>
            <COMMENTS></COMMENTS>
            <NBMAXTARGETTOTRACK>1</NBMAXTARGETTOTRACK>
            <SHAREAUTOINITKEYFRAMES>false</SHAREAUTOINITKEYFRAMES>
            <USEEXCLUSIONIMAGE>false</USEEXCLUSIONIMAGE>
            <USETRACKINGLITE>true</USETRACKINGLITE>
            <TARGET>
                <COMMENTS></COMMENTS>
                <TARGETNAME>object_1</TARGETNAME>
                <DEBUGMODE>false</DEBUGMODE>
                <NBROFINSTANCES>1</NBROFINSTANCES>
                <TARGET_TRACKING>
                    <COMMENTS></COMMENTS>
                    <TARGETTYPE>PLANAR_AUTOINIT_TARGET</TARGETTYPE>
                    <MODEL></MODEL>
                    <PLANEWIDTH>10.00000000</PLANEWIDTH>
                    <PLANEHEIGHT>10.00000000</PLANEHEIGHT>
                    <MODELSCALEX>1.00000000</MODELSCALEX>
                    <MODELSCALEY>1.00000000</MODELSCALEY>
                    <MODELSCALEZ>1.00000000</MODELSCALEZ>
                    <ONLINEKEYFRAMESENABLED>FALSE</ONLINEKEYFRAMESENABLED>
                    <ONLINEKEYFRAMECREATIONTHRESHOLD>12</ONLINEKEYFRAMECREATIONTHRESHOLD>
                    <AUTODELETEONLINEKEYFRAMES>false</AUTODELETEONLINEKEYFRAMES>
                    <MAXNUMBEROFONLINEKEYFRAMES>50</MAXNUMBEROFONLINEKEYFRAMES>
                    <ONLINEKEYFRAMECREATIONANGLE>40.00000000</ONLINEKEYFRAMECREATIONANGLE>
                    <ONLINEKEYFRAMECREATIONDISTANCE>500</ONLINEKEYFRAMECREATIONDISTANCE>
                    <MAXITERNBPREVIOUSONLY>12</MAXITERNBPREVIOUSONLY>
                    <FAILURETHRESHOLDP>6</FAILURETHRESHOLDP>
                    <FAILURETHRESHOLDKMATCH>12</FAILURETHRESHOLDKMATCH>
                    <FAILURETHRESHOLDKPOSEEST>12</FAILURETHRESHOLDKPOSEEST>
                    <FACECULLANGLE>89.90000000</FACECULLANGLE>
                    <KEYFRAMESWITCHBIAS>0</KEYFRAMESWITCHBIAS>
                    <KEYFRAMECHOICEMETHOD>0</KEYFRAMECHOICEMETHOD>
                    <FEATUREDETECTORTYPE>0</FEATUREDETECTORTYPE>
                    <USEGPUFORBACKPROJECTION>false</USEGPUFORBACKPROJECTION>
                    <PICKNEARESTFACET>false</PICKNEARESTFACET>
                    <AUTOINITUSEQUALITYANALYSIS>false</AUTOINITUSEQUALITYANALYSIS>
                    <NBFRAMETODRAWAUTOINITOBJECT>0</NBFRAMETODRAWAUTOINITOBJECT>
                    <PROCEEDRECOONLY>false</PROCEEDRECOONLY>
                    <INTEGRALPLANARREPROJECTION>0</INTEGRALPLANARREPROJECTION>
                    <SWITCHREPROJECTIONMODETHRESHOLD>0.50000000</SWITCHREPROJECTIONMODETHRESHOLD>
                    <USEBILINEARREPROJECTION>true</USEBILINEARREPROJECTION>
                    <PREFEROFFLINEINFO>false</PREFEROFFLINEINFO>
                    <DIFFERENCEONOFF>15.00000000</DIFFERENCEONOFF>
                    <EXCLUSIONRECTANGLES>-1.000000 -1.000000 -1.000000 -1.000000 -1.000000 -1.000000 -1.000000 -1.000000 -1.000000 -1.000000 -1.000000 -1.000000 -1.000000 -1.000000 -1.000000 -1.000000 -1.000000</EXCLUSIONRECTANGLES>
                    <USEP3PRANSACKFPOSEEST>true</USEP3PRANSACKFPOSEEST>
                    <KFPOSEESTRANSACTHRESH>2.00000000</KFPOSEESTRANSACTHRESH>
                    <KFPOSEESTMAXRANSACITER>10</KFPOSEESTMAXRANSACITER>
                    <USEP3PRANSACPKFPOSEEST>false</USEP3PRANSACPKFPOSEEST>
                    <PKFPOSEESTRANSACTHRESH>5.00000000</PKFPOSEESTRANSACTHRESH>
                    <PKFPOSEESTMAXRANSACITER>50</PKFPOSEESTMAXRANSACITER>
                    <USEKLTRECURSIVETRACKING>true</USEKLTRECURSIVETRACKING>
                    <RECURSIVETRACKINGMETHOD>0</RECURSIVETRACKINGMETHOD>
                    <PREDICTIONMODE>0</PREDICTIONMODE>
                    <LAUNCHPANORAMICTRACKING>false</LAUNCHPANORAMICTRACKING>
                </TARGET_TRACKING>
                <AUTO_INITIALIZATION>
                    <COMMENTS></COMMENTS>
                    <USEOBJECTDETECTIONFORAUTOINIT>true</USEOBJECTDETECTIONFORAUTOINIT>
                    <USEGPU>false</USEGPU>
                    <VERBOSECOMPUTATION>false</VERBOSECOMPUTATION>
                    <SEARCHMODE>PREVIOUS_THEN_DECLAR_ORDER</SEARCHMODE>
                    <INITWITHCURRENTFRAME>false</INITWITHCURRENTFRAME>
                    <CHECKUPSIDENORMAL>false</CHECKUPSIDENORMAL>
                    <NBROFDETECTIONBYFRAME>5</NBROFDETECTIONBYFRAME>
                    <USECROPPEDSUBWIN>false</USECROPPEDSUBWIN>
                    <CROPPEDSUBWINSIZE>30</CROPPEDSUBWINSIZE>
                    <NBMAXMODELPERGROUP>1</NBMAXMODELPERGROUP>
                    <USEBLACKBOX>false</USEBLACKBOX>
                    <GROUP_LIST />
                </AUTO_INITIALIZATION>
                <FACE_DETECTOR>
                    <COMMENTS></COMMENTS>
                    <FACESCALEFACTOR>180</FACESCALEFACTOR>
                    <FACEZADJUST>0</FACEZADJUST>
                    <FACEIMAGEROTATE>0</FACEIMAGEROTATE>
                    <MINFACESIZE>60</MINFACESIZE>
                    <MAXFACESIZE>400</MAXFACESIZE>
                    <STEPBTWLEVELS>1.20000000</STEPBTWLEVELS>
                    <FACEHEADPOSXMIN>0</FACEHEADPOSXMIN>
                    <FACEHEADPOSXMAX>4294967295</FACEHEADPOSXMAX>
                    <FACEHEADPOSYMIN>0</FACEHEADPOSYMIN>
                    <FACEHEADPOSYMAX>4294967295</FACEHEADPOSYMAX>
                    <HEADCASCADECLASSIFIER>haarcascade_frontalface_alt2.xml</HEADCASCADECLASSIFIER>
                    <EYERCASCADECLASSIFIER></EYERCASCADECLASSIFIER>
                    <EYELCASCADECLASSIFIER></EYELCASCADECLASSIFIER>
                    <MOUTHCASCADECLASSIFIER></MOUTHCASCADECLASSIFIER>
                    <NOSECASCADECLASSIFIER></NOSECASCADECLASSIFIER>
                    <TYPEAUTOINIT>2</TYPEAUTOINIT>
                    <FACEORIENTATIONMODE>UNDEFINED_MODE</FACEORIENTATIONMODE>
                    <FACEFIXEDPITCH>0.00000000</FACEFIXEDPITCH>
                    <NEWINITDELAY>5</NEWINITDELAY>
                    <INDICEPOINTFEATURE></INDICEPOINTFEATURE>
                    <USEFULLRESOLUTION>false</USEFULLRESOLUTION>
                    <ACCEPTEDPOINTSTHRESHOLD>20</ACCEPTEDPOINTSTHRESHOLD>
                    <CORRELATIONTHRESHOLD>0.60000000</CORRELATIONTHRESHOLD>
                    <IPQUALITY>0.10000000</IPQUALITY>
                </FACE_DETECTOR>
                <KEYFRAMEMANAGER>
                    <COMMENTS></COMMENTS>
                    <USECOLORIMAGES>false</USECOLORIMAGES>
                    <KEYFRAME>
                        <COMMENTS></COMMENTS>
                        <NAME>lune</NAME>
                        <IMAGE>lune.jpg</IMAGE>
                        <POSEROT>1.000000 0.000000 0.000000 0.000000 -1.000000 0.000000 0.000000 0.000000 1.000000</POSEROT>
                        <POSETRANS>0.000000 0.000000 1.000000</POSETRANS>
                        <ACTIVE>true</ACTIVE>
                        <USEEXCLUSIONAREASFORTRACKING>false</USEEXCLUSIONAREASFORTRACKING>
                        <EXCLUSIONCONTOURS>-1.000000 -1.000000 -1.000000 -1.000000 -1.000000 -1.000000 -1.000000 -1.000000 -1.000000 -1.000000 -1.000000 -1.000000 -1.000000 -1.000000 -1.000000 -1.000000 -1.000000 -1.000000 -1.000000 -1.000000 -1.000000 -1.000000 -1.000000 -1.000000 -1.000000 -1.000000 -1.000000 -1.000000 -1.000000 -1.000000 -1.000000 -1.000000 -1.000000 -1.000000 -1.000000 -1.000000 -1.000000 -1.000000 -1.000000 -1.000000 -1.000000 -1.000000 -1.000000 -1.000000 -1.000000 -1.000000 -1.000000 -1.000000 -1.000000 -1.000000 -1.000000 -1.000000 -1.000000 -1.000000 -1.000000 -1.000000 -1.000000 -1.000000 -1.000000 -1.000000 -1.000000 -1.000000 -1.000000 -1.000000 -1.000000 -1.000000 -1.000000 -1.000000 -1.000000 -1.000000 -1.000000 -1.000000 -1.000000 -1.000000 -1.000000 -1.000000 -1.000000 -1.000000 -1.000000 -1.000000 -1.000000 -1.000000 -1.000000 -1.000000 -1.000000 -1.000000 -1.000000 -1.000000 -1.000000 -1.000000 -1.000000 -1.000000 -1.000000 -1.000000 -1.000000 -1.000000 -1.000000 -1.000000 -1.000000 -1.000000 -1.000000 -1.000000 -1.000000 -1.000000 -1.000000 -1.000000 -1.000000 -1.000000 -1.000000 -1.000000 -1.000000 -1.000000 -1.000000 -1.000000 -1.000000 -1.000000 -1.000000 -1.000000 -1.000000 -1.000000 -1.000000 -1.000000 -1.000000 -1.000000 -1.000000 -1.000000 -1.000000 -1.000000 -1.000000 -1.000000 -1.000000 -1.000000 -1.000000 -1.000000 -1.000000 -1.000000 -1.000000 -1.000000 -1.000000 -1.000000 -1.000000 -1.000000 -1.000000 -1.000000 -1.000000 -1.000000 -1.000000 -1.000000 -1.000000 -1.000000 -1.000000 -1.000000 -1.000000 -1.000000 -1.000000 -1.000000 -1.000000 -1.000000 -1.000000 -1.000000 -1.000000 -1.000000 -1.000000 -1.000000 -1.000000 -1.000000 -1.000000 -1.000000 -1.000000 -1.000000 -1.000000 -1.000000 -1.000000 -1.000000 -1.000000 -1.000000 -1.000000 -1.000000 -1.000000 -1.000000 -1.000000 -1.000000 -1.000000 -1.000000 -1.000000 -1.000000 -1.000000 -1.000000 -1.000000 -1.000000 -1.000000 -1.000000 -1.000000 -1.000000 -1.000000 -1.000000 -1.000000 -1.000000 -1.000000 -1.000000 -1.000000</EXCLUSIONCONTOURS>
                        <TRACKEDPOINTNUMBER>35</TRACKEDPOINTNUMBER>
                        <CAMERAMLT>
                            <COMMENTS></COMMENTS>
                            <MAXX>250</MAXX>
                            <MAXY>243</MAXY>
                            <FX>25.00000000</FX>
                            <FY>25.00000000</FY>
                            <PX>125.00000000</PX>
                            <PY>121.50000000</PY>
                        </CAMERAMLT>
                        <PLANAR_DETECTOR>
                            <COMMENTS></COMMENTS>
                            <ISAUTOINITKEYFRAME>true</ISAUTOINITKEYFRAME>
                            <IMAGENAME></IMAGENAME>
                            <KEYFRAME></KEYFRAME>
                            <MODELIMAGEMINWIDTHHEIGHT>220</MODELIMAGEMINWIDTHHEIGHT>
                            <METHOD>USE_ONLY_IMAGE</METHOD>
                            <MATCH_SCORE_THRESHOLD>0.001000</MATCH_SCORE_THRESHOLD>
                            <MAX_RANSAC_ITERATIONS>30</MAX_RANSAC_ITERATIONS>
                            <RANSAC_DIST_THRESHOLD>5.000000</RANSAC_DIST_THRESHOLD>
                            <RANSAC_STOP_SUPPORT>30</RANSAC_STOP_SUPPORT>
                            <MIN_SUPPORT_AFFINE>10</MIN_SUPPORT_AFFINE>
                            <MIN_SUPPORT_HOMOGRAPHY>10</MIN_SUPPORT_HOMOGRAPHY>
                            <NB_ITER_ESTIMATE_HOMOGRAPHY>0</NB_ITER_ESTIMATE_HOMOGRAPHY>
                            <NON_LINEAR_REFINE_THRESHOLD>4.000000</NON_LINEAR_REFINE_THRESHOLD>
                            <MIN_VIEW_RATE>0.10000000</MIN_VIEW_RATE>
                            <VIEWS_NUMBER>100</VIEWS_NUMBER>
                            <MAX_KEYPOINT_NUMBER>150</MAX_KEYPOINT_NUMBER>
                            <PATCH_SIZE>32</PATCH_SIZE>
                            <TREE_NUMBER>15</TREE_NUMBER>
                            <TEST_PER_TREE>7</TEST_PER_TREE>
                            <FEATURES>USE_HARRIS_FEATURES</FEATURES>
                            <YAPE_RADIUS>3</YAPE_RADIUS>
                            <LEVEL_NUMBER_GAUSSPYR>2</LEVEL_NUMBER_GAUSSPYR>
                            <NOISE_LEVEL>20</NOISE_LEVEL>
                            <MIN_THETA>0.000000</MIN_THETA>
                            <MAX_THETA>6.283185</MAX_THETA>
                            <MIN_PHI>0.000000</MIN_PHI>
                            <MAX_PHI>3.141593</MAX_PHI>
                            <MIN_PHI_PROJ>-1.000000</MIN_PHI_PROJ>
                            <MAX_PHI_PROJ>1.000000</MAX_PHI_PROJ>
                            <MIN_SCALE1>0.700000</MIN_SCALE1>
                            <MAX_SCALE1>1.300000</MAX_SCALE1>
                            <MIN_SCALE2>0.700000</MIN_SCALE2>
                            <MAX_SCALE2>1.500000</MAX_SCALE2>
                            <SAMPLE_NUMBER_FOR_REFINING>500</SAMPLE_NUMBER_FOR_REFINING>
                            <ORIENTATIONANGLELIMIT>0.000000</ORIENTATIONANGLELIMIT>
                            <PROJECTEDAREARATIOLIMIT>0.000000</PROJECTEDAREARATIOLIMIT>
                            <SHAREABLE>false</SHAREABLE>
                            <USE_BINS_WHEN_CREATING_MODEL>true</USE_BINS_WHEN_CREATING_MODEL>
                            <NB_BINS_WHEN_CREATING_MODEL>2</NB_BINS_WHEN_CREATING_MODEL>
                            <USE_BINS_WHEN_DETECTING_PTS>true</USE_BINS_WHEN_DETECTING_PTS>
                            <USE_RANDOM_BACKGROUND>false</USE_RANDOM_BACKGROUND>
                            <USE_ORIENTATION_CORRECTION>true</USE_ORIENTATION_CORRECTION>
                            <OBJECTNAME>lune</OBJECTNAME>
                            <RECTIFYOBJECTNORMAL>false</RECTIFYOBJECTNORMAL>
                            <REMOVEBADMODELPOINT>true</REMOVEBADMODELPOINT>
                            <PERCENTTOKEEPGOODMODELPOINT>0.900000</PERCENTTOKEEPGOODMODELPOINT>
                        </PLANAR_DETECTOR>
                        <KF_POINTING_DETECTION>
                            <COMMENTS></COMMENTS>
                            <ISPOINTINGDETECTIONKEYFRAME>false</ISPOINTINGDETECTIONKEYFRAME>
                            <KEYFRAME></KEYFRAME>
                            <MAXMOVETHRESHOLD>10</MAXMOVETHRESHOLD>
                            <MAXZTHRESHOLD>10000.00000000</MAXZTHRESHOLD>
                            <YAWTHRESHOLD>125.00000000</YAWTHRESHOLD>
                            <PITCHTHRESHOLD>55.00000000</PITCHTHRESHOLD>
                            <POINTING_DETECTION_AREA_LIST />
                            <POINTING_DETECTION_GROUP_LIST />
                        </KF_POINTING_DETECTION>
                    </KEYFRAME>
                </KEYFRAMEMANAGER>
                <INITIALIZATION>
                    <COMMENTS></COMMENTS>
                    <INITMATCHTHRESHOLD>6</INITMATCHTHRESHOLD>
                    <NUMBEROFFIRSTKEYFRAMESTOINITWITH>0</NUMBEROFFIRSTKEYFRAMESTOINITWITH>
                    <INITWITHOFFLINEKFS>true</INITWITHOFFLINEKFS>
                    <INITWITHONLINEKFS>false</INITWITHONLINEKFS>
                    <RANSACINLIERTHRESHOLD>2.00000000</RANSACINLIERTHRESHOLD>
                    <MAXRANSACITERATIONS>100</MAXRANSACITERATIONS>
                </INITIALIZATION>
                <INTEREST_POINTS>
                    <COMMENTS></COMMENTS>
                    <INTERESTPOINTSQUALITY>0.00010000</INTERESTPOINTSQUALITY>
                    <INTERESTPOINTSMAXNUMBER>150</INTERESTPOINTSMAXNUMBER>
                    <INTERESTPOINTSALPHA>0.10000000</INTERESTPOINTSALPHA>
                    <INTERESTPOINTSINITMULTIPLIER>2.00000000</INTERESTPOINTSINITMULTIPLIER>
                    <WINDOWSIZE>3</WINDOWSIZE>
                    <DERIVSIZE>3</DERIVSIZE>
                    <STEPS>1</STEPS>
                </INTEREST_POINTS>
                <YAPE_FEATURE_POINTS>
                    <COMMENTS></COMMENTS>
                    <INTERESTPOINTSMAXNUMBER>150</INTERESTPOINTSMAXNUMBER>
                    <INTENSITYSIMILARITYTHRESHOLD>10</INTENSITYSIMILARITYTHRESHOLD>
                    <RADIUS>3</RADIUS>
                    <MINIMALNEIGHBORNUMBER>4</MINIMALNEIGHBORNUMBER>
                    <BINNUMBERU>4</BINNUMBERU>
                    <BINNUMBERV>4</BINNUMBERV>
                    <USEBINS>false</USEBINS>
                    <USESUBPIXEL>true</USESUBPIXEL>
                    <PYRAMIDLEVELNUMBER>1</PYRAMIDLEVELNUMBER>
                </YAPE_FEATURE_POINTS>
                <FAST_FEATURE_POINTS>
                    <COMMENTS></COMMENTS>
                    <INTERESTPOINTSMAXNUMBER>150</INTERESTPOINTSMAXNUMBER>
                    <THRESHOLD>40</THRESHOLD>
                    <RADIUS>9</RADIUS>
                    <USESUBPIXEL>false</USESUBPIXEL>
                    <PYRAMIDLEVELNUMBER>1</PYRAMIDLEVELNUMBER>
                    <FASTMINTHRESHOLD>15</FASTMINTHRESHOLD>
                    <FASTMAXTHRESHOLD>150</FASTMAXTHRESHOLD>
                    <NBOFSUBDIVISION>1</NBOFSUBDIVISION>
                </FAST_FEATURE_POINTS>
                <CORRELATION>
                    <COMMENTS></COMMENTS>
                    <MAXDISPARITYU>15</MAXDISPARITYU>
                    <MAXDISPARITYV>15</MAXDISPARITYV>
                    <CORRELATIONTHRESHOLD>0.20000000</CORRELATIONTHRESHOLD>
                    <CORRELATIONWINDOWSIZE>9</CORRELATIONWINDOWSIZE>
                    <SEARCHWINDOWSIZE>9</SEARCHWINDOWSIZE>
                    <REPROJECTIONERRORTHRESHOLDKF>10</REPROJECTIONERRORTHRESHOLDKF>
                    <REPROJECTIONERRORTHRESHOLDPF>10</REPROJECTIONERRORTHRESHOLDPF>
                    <USESEARCHWINDOWMASK>true</USESEARCHWINDOWMASK>
                    <USEINTEGRALIMAGE>true</USEINTEGRALIMAGE>
                </CORRELATION>
                <MINIMIZATION>
                    <COMMENTS></COMMENTS>
                    <TRACKINGMETHOD>6</TRACKINGMETHOD>
                    <LOCKXYZ>false</LOCKXYZ>
                    <LOCKROLL>false</LOCKROLL>
                    <NBITERATIONS>1</NBITERATIONS>
                    <USEWEIGHTITERATIONS>0</USEWEIGHTITERATIONS>
                    <TOLERANCETHRESHOLD>0.00000100</TOLERANCETHRESHOLD>
                    <ERRORTOLKF>20.00000000</ERRORTOLKF>
                    <ERRORTOLPF>5.00000000</ERRORTOLPF>
                    <USEWEIGHTONCORRELATIONS>0</USEWEIGHTONCORRELATIONS>
                    <MINTHRESHOLDSTEP1>1.00000000</MINTHRESHOLDSTEP1>
                    <MINTHRESHOLDSTEP2>2.00000000</MINTHRESHOLDSTEP2>
                </MINIMIZATION>
                <MOVE_DETECTOR>
                    <COMMENTS></COMMENTS>
                    <USEMOVEMENTDETECTOR>false</USEMOVEMENTDETECTOR>
                    <NBFRAMETOUSEFORINITMOVEDETECTION>10</NBFRAMETOUSEFORINITMOVEDETECTION>
                    <FIXEDPOINTRADIUS>1.500000</FIXEDPOINTRADIUS>
                    <MINNBFIXEDPOINT>20</MINNBFIXEDPOINT>
                    <AREAPERCENTREQUIRED>0.100000</AREAPERCENTREQUIRED>
                    <MAXFEATURES>1000</MAXFEATURES>
                </MOVE_DETECTOR>
                <POINTING_DETECTION>
                    <COMMENTS></COMMENTS>
                    <USEPOINTINGDETECTION>false</USEPOINTINGDETECTION>
                    <FILEPOINTINGDETECTIONPARAM>Default.od</FILEPOINTINGDETECTIONPARAM>
                    <PTDETDEBUGMODE>false</PTDETDEBUGMODE>
                    <PTDETFILTERBUFFERSIZE>30</PTDETFILTERBUFFERSIZE>
                    <PTDETFILTERNBOFSAMEIDXMIN>22</PTDETFILTERNBOFSAMEIDXMIN>
                    <PTDETFILTERNBOFSAMEIDXCONSECUTIVE>8</PTDETFILTERNBOFSAMEIDXCONSECUTIVE>
                    <PTDETFILTERNBOFNEGATIVE>1</PTDETFILTERNBOFNEGATIVE>
                    <USEGPU>false</USEGPU>
                    <AREASEARCHMODE>SEARCH_FROM_DOWNSIDE</AREASEARCHMODE>
                    <USEOPTIMIZEDCPU>true</USEOPTIMIZEDCPU>
                </POINTING_DETECTION>
                <KLTENGINE>
                    <COMMENTS></COMMENTS>
                    <PROCESSINGIMAGEWIDTH>320</PROCESSINGIMAGEWIDTH>
                    <PROCESSINGIMAGEHEIGHT>240</PROCESSINGIMAGEHEIGHT>
                    <IPQUALITY>0.01000000</IPQUALITY>
                    <IPMINDIST>3.00000000</IPMINDIST>
                    <KLTWINSIZE>5</KLTWINSIZE>
                    <USEOPTIMIZEDKLT>2</USEOPTIMIZEDKLT>
                    <KLTPYRLEVELNUMBER>4</KLTPYRLEVELNUMBER>
                    <STARTLEVEL4CENTERPOINTS>3</STARTLEVEL4CENTERPOINTS>
                    <STARTLEVELALLPOINTS>2</STARTLEVELALLPOINTS>
                    <MODELMATCHTHRESHOLD>0.03000000</MODELMATCHTHRESHOLD>
                    <RECURSIVEMATCHTHRESHOLD>0.03000000</RECURSIVEMATCHTHRESHOLD>
                    <MODELIMAGELEVEL>1</MODELIMAGELEVEL>
                    <RECURSIVEERRORTHRESOLD>-1</RECURSIVEERRORTHRESOLD>
                    <KEYFRAMEERRORTHRESOLD>-1</KEYFRAMEERRORTHRESOLD>
                    <RECURSIVEEIGENVTHRESHOLD>-1.000000</RECURSIVEEIGENVTHRESHOLD>
                    <KEYFRAMEEIGENVTHRESHOLD>-1.000000</KEYFRAMEEIGENVTHRESHOLD>
                    <USEPATCHNORMALIZATION>true</USEPATCHNORMALIZATION>
                </KLTENGINE>
                <PANORAMA_TRACKING>
                    <COMMENTS></COMMENTS>
                    <PIXELANGLE>0.10000000</PIXELANGLE>
                    <ANGLEWIDTH>90.00000000</ANGLEWIDTH>
                    <ANGLEHEIGHT>60.00000000</ANGLEHEIGHT>
                    <BUCKETSIZE>30</BUCKETSIZE>
                </PANORAMA_TRACKING>
            </TARGET>
        </MULTI_TARGET>
        <FILTERING>
            <COMMENTS></COMMENTS>
            <JITTERCOMPENSATION>0.00000000</JITTERCOMPENSATION>
            <SHAKECOMPENSATION>0.00000000</SHAKECOMPENSATION>
        </FILTERING>
        <NETWORK>
            <COMMENTS></COMMENTS>
            <CAMWRTOBJ>false</CAMWRTOBJ>
            <SENDTIME>false</SENDTIME>
            <USETHREADMILLISECONDS>false</USETHREADMILLISECONDS>
            <MS>16.68335002</MS>
            <PHASEMS>8</PHASEMS>
            <NETWORKDELAY>2</NETWORKDELAY>
            <MATOUTPUTTRANS>1.000000 0.000000 0.000000 0.000000 0.000000 1.000000 0.000000 0.000000 0.000000 0.000000 1.000000 0.000000 0.000000 0.000000 0.000000 1.000000</MATOUTPUTTRANS>
            <MATOUTPUTROT>1.000000 0.000000 0.000000 0.000000 0.000000 1.000000 0.000000 0.000000 0.000000 0.000000 1.000000 0.000000 0.000000 0.000000 0.000000 1.000000</MATOUTPUTROT>
            <NETWORKOUTPUTFORMAT>0</NETWORKOUTPUTFORMAT>
            <SCENEID>-1</SCENEID>
            <HOST1></HOST1>
            <HOST2></HOST2>
            <HOST3></HOST3>
            <HOST4></HOST4>
            <HOST5></HOST5>
            <HOST6></HOST6>
            <HOST7></HOST7>
            <HOST8></HOST8>
            <PORT1>7001</PORT1>
            <PORT2>7001</PORT2>
            <PORT3>7001</PORT3>
            <PORT4>7001</PORT4>
            <PORT5>7001</PORT5>
            <PORT6>7001</PORT6>
            <PORT7>7001</PORT7>
            <PORT8>7001</PORT8>
            <SENDUDP>false</SENDUDP>
            <IP1>127</IP1>
            <IP2>0</IP2>
            <IP3>0</IP3>
            <IP4>1</IP4>
            <LOCALPORT>5003</LOCALPORT>
            <USECOMMANDRECEIVER>false</USECOMMANDRECEIVER>
            <COMMANDRECEIVERPORT1>0</COMMANDRECEIVERPORT1>
            <COMMANDRECEIVERPORT2>0</COMMANDRECEIVERPORT2>
            <COMMANDRECEIVERPORT3>0</COMMANDRECEIVERPORT3>
            <COMMANDRECEIVERPORT4>0</COMMANDRECEIVERPORT4>
        </NETWORK>
        <FEATURE_POINTS>
            <COMMENTS></COMMENTS>
            <INTERESTPOINTTYPE>45345752</INTERESTPOINTTYPE>
            <INTEREST_POINTS>
                <COMMENTS></COMMENTS>
                <INTERESTPOINTSQUALITY>0.00010000</INTERESTPOINTSQUALITY>
                <INTERESTPOINTSMAXNUMBER>150</INTERESTPOINTSMAXNUMBER>
                <INTERESTPOINTSALPHA>0.10000000</INTERESTPOINTSALPHA>
                <INTERESTPOINTSINITMULTIPLIER>2.00000000</INTERESTPOINTSINITMULTIPLIER>
                <WINDOWSIZE>3</WINDOWSIZE>
                <DERIVSIZE>3</DERIVSIZE>
                <STEPS>1</STEPS>
            </INTEREST_POINTS>
            <FAST_FEATURE_POINTS>
                <COMMENTS></COMMENTS>
                <INTERESTPOINTSMAXNUMBER>150</INTERESTPOINTSMAXNUMBER>
                <THRESHOLD>40</THRESHOLD>
                <RADIUS>9</RADIUS>
                <USESUBPIXEL>false</USESUBPIXEL>
                <PYRAMIDLEVELNUMBER>1</PYRAMIDLEVELNUMBER>
                <FASTMINTHRESHOLD>15</FASTMINTHRESHOLD>
                <FASTMAXTHRESHOLD>150</FASTMAXTHRESHOLD>
                <NBOFSUBDIVISION>1</NBOFSUBDIVISION>
            </FAST_FEATURE_POINTS>
        </FEATURE_POINTS>
    </DFusionMLT>
</TI>
